Date,Product,Price,Quantity,Customer
2024-01-01,Laptop,700.0,6,B
2024-01-02,Shoes,1200.0,8,B
2024-01-03,T-shirt,1500.0,2,A
2024-01-04,T-shirt,2000.0,4,C
2024-01-05,T-shirt,1200.0,6,C
2024-01-06,Bag,1200.0,8,C
2024-01-07,T-shirt,1500.0,4,A
2024-01-08,Watch,1500.0,7,C
2024-01-09,Laptop,700.0,7,D
2024-01-10,Shoes,700.0,8,D
2024-01-11,Shoes,700.0,2,A
2024-01-12,Laptop,1500.0,7,B
2024-01-13,Watch,1200.0,1,C
2024-01-14,Bag,1200.0,4,C
2024-01-15,Shoes,2000.0,9,D
2024-01-16,Bag,1500.0,5,A
2024-01-17,Bag,700.0,2,B
2024-01-18,Shoes,1200.0,5,C
2024-01-19,Bag,1500.0,6,A
2024-01-20,Laptop,1200.0,1,A
2024-01-21,T-shirt,1200.0,4,C
2024-01-22,Shoes,1200.0,2,B
2024-01-23,T-shirt,700.0,5,C
2024-01-24,Shoes,2000.0,5,A
2024-01-25,Watch,1200.0,5,D
2024-01-26,T-shirt,1200.0,1,D
2024-01-27,Shoes,500.0,1,A
2024-01-28,Bag,700.0,9,A
2024-01-29,T-shirt,1200.0,5,B
2024-01-30,T-shirt,500.0,7,A
2024-01-31,T-shirt,2000.0,4,B
2024-02-01,Shoes,500.0,4,A
2024-02-02,Bag,1500.0,3,B
2024-02-03,Bag,1200.0,2,C
2024-02-04,Bag,1200.0,3,D
2024-02-05,Shoes,1200.0,2,B
2024-02-06,Watch,500.0,4,D
2024-02-07,Laptop,500.0,5,C
2024-02-08,T-shirt,1200.0,2,B
2024-02-09,T-shirt,700.0,2,C
2024-02-10,Watch,700.0,1,B
2024-02-11,Laptop,500.0,8,D
2024-02-12,Watch,1500.0,9,C
2024-02-13,Shoes,500.0,5,A
2024-02-14,Shoes,1500.0,4,C
2024-02-15,Laptop,500.0,6,B
2024-02-16,Shoes,2000.0,7,D
2024-02-17,Laptop,2000.0,4,A
2024-02-18,Bag,500.0,3,A
2024-02-19,Laptop,700.0,9,C
2024-02-20,Bag,1500.0,2,C
2024-02-21,Watch,2000.0,5,A
2024-02-22,Watch,1500.0,1,C
2024-02-23,Shoes,1200.0,9,D
2024-02-24,Bag,1200.0,4,A
2024-02-25,Bag,700.0,6,A
2024-02-26,Bag,700.0,6,C
2024-02-27,Bag,1200.0,2,C
2024-02-28,T-shirt,700.0,8,B
2024-02-29,T-shirt,1200.0,9,C
2024-03-01,Watch,2000.0,7,A
2024-03-02,T-shirt,1200.0,5,A
2024-03-03,Shoes,1200.0,8,B
2024-03-04,T-shirt,1200.0,4,B
2024-03-05,Laptop,1200.0,6,A
2024-03-06,Bag,2000.0,4,B
2024-03-07,Watch,2000.0,7,A
2024-03-08,Laptop,1200.0,5,C
2024-03-09,T-shirt,1200.0,8,A
2024-03-10,Laptop,1200.0,4,B
2024-03-11,Laptop,1500.0,1,C
2024-03-12,Laptop,1200.0,6,A
2024-03-13,T-shirt,1500.0,4,A
2024-03-14,Laptop,700.0,8,B
2024-03-15,Laptop,1200.0,6,B
2024-03-16,Laptop,2000.0,6,D
2024-03-17,Shoes,1500.0,9,A
2024-03-18,Laptop,1500.0,1,C
2024-03-19,T-shirt,700.0,9,B
2024-03-20,Watch,700.0,4,C
2024-03-21,Shoes,1200.0,7,D
2024-03-22,Bag,1200.0,4,B
2024-03-23,Bag,700.0,3,C
2024-03-24,T-shirt,700.0,8,A
2024-03-25,Shoes,1200.0,1,C
2024-03-26,Shoes,500.0,4,A
2024-03-27,Bag,1500.0,1,C
2024-03-28,Watch,700.0,4,A
2024-03-29,Laptop,2000.0,7,A
2024-03-30,Watch,1500.0,2,C
2024-03-31,Shoes,700.0,3,B
2024-04-01,T-shirt,700.0,5,A
2024-04-02,Watch,1200.0,2,D
2024-04-03,Watch,500.0,4,C
2024-04-04,Shoes,500.0,3,D
2024-04-05,Bag,1200.0,5,A
2024-04-06,Shoes,2000.0,8,A
2024-04-07,Watch,500.0,5,C
2024-04-08,Watch,2000.0,5,D
2024-04-09,T-shirt,1500.0,2,A
2024-04-10,Watch,1500.0,3,D
2024-04-11,T-shirt,500.0,8,B
2024-04-12,Watch,500.0,3,C
2024-04-13,Bag,1500.0,4,A
2024-04-14,Watch,1200.0,8,C
2024-04-15,T-shirt,1500.0,7,D
2024-04-16,T-shirt,500.0,7,C
2024-04-17,T-shirt,1500.0,3,D
2024-04-18,Watch,500.0,4,D
2024-04-19,T-shirt,1200.0,7,B
2024-04-20,Laptop,1200.0,1,C
2024-04-21,Bag,700.0,9,D
2024-04-22,Watch,500.0,1,C
2024-04-23,T-shirt,2000.0,8,C
2024-04-24,Bag,500.0,7,C
2024-04-25,Watch,1500.0,6,C
2024-04-26,Bag,2000.0,7,A
2024-04-27,Laptop,2000.0,6,D
2024-04-28,Watch,700.0,3,C
2024-04-29,T-shirt,500.0,8,A
2024-04-30,Shoes,1200.0,2,A
2024-05-01,T-shirt,2000.0,3,B
2024-05-02,Watch,2000.0,3,B
2024-05-03,T-shirt,1200.0,6,C
2024-05-04,Shoes,2000.0,7,B
2024-05-05,Shoes,1500.0,5,A
2024-05-06,Shoes,1200.0,3,D
2024-05-07,T-shirt,1500.0,3,C
2024-05-08,Watch,500.0,2,B
2024-05-09,T-shirt,1200.0,1,D
2024-05-10,Shoes,1200.0,1,A
2024-05-11,Laptop,1200.0,3,B
2024-05-12,Shoes,500.0,9,C
2024-05-13,Shoes,500.0,4,B
2024-05-14,Watch,1200.0,1,C
2024-05-15,T-shirt,1500.0,9,C
2024-05-16,Watch,2000.0,9,B
2024-05-17,T-shirt,2000.0,2,C
2024-05-18,Shoes,1200.0,1,C
2024-05-19,Shoes,1200.0,6,C
2024-05-20,Shoes,1200.0,9,D
2024-05-21,T-shirt,2000.0,3,C
2024-05-22,Shoes,700.0,4,B
2024-05-23,Watch,1500.0,6,C
2024-05-24,Watch,1500.0,4,C
2024-05-25,Shoes,1500.0,9,C
2024-05-26,Laptop,700.0,7,D
2024-05-27,T-shirt,1200.0,5,C
2024-05-28,Laptop,1200.0,7,A
2024-05-29,Shoes,1200.0,4,B
2024-05-30,Laptop,1500.0,7,B
2024-05-31,T-shirt,1200.0,3,D
2024-06-01,T-shirt,1200.0,7,A
2024-06-02,Laptop,1500.0,6,B
2024-06-03,Bag,2000.0,6,A
2024-06-04,T-shirt,2000.0,5,B
2024-06-05,Shoes,1200.0,7,D
2024-06-06,Shoes,1200.0,6,B
2024-06-07,Shoes,700.0,2,D
2024-06-08,Bag,1200.0,4,D
2024-06-09,Shoes,1200.0,4,C
2024-06-10,Laptop,500.0,9,A
2024-06-11,Bag,1500.0,6,D
2024-06-12,T-shirt,500.0,6,A
2024-06-13,Bag,1200.0,7,B
2024-06-14,Shoes,2000.0,1,A
2024-06-15,Shoes,1500.0,8,C
2024-06-16,Laptop,1200.0,6,B
2024-06-17,T-shirt,700.0,2,B
2024-06-18,T-shirt,1200.0,6,C
2024-06-19,Bag,700.0,7,A
2024-06-20,Shoes,2000.0,7,A
2024-06-21,Shoes,1200.0,9,B
2024-06-22,Bag,700.0,8,B
2024-06-23,Watch,500.0,6,C
2024-06-24,Shoes,1200.0,4,A
2024-06-25,T-shirt,500.0,3,A
2024-06-26,Bag,500.0,4,A
2024-06-27,Bag,500.0,3,C
2024-06-28,Laptop,500.0,6,C
2024-06-29,Shoes,700.0,5,B
2024-06-30,Shoes,500.0,2,D
2024-07-01,T-shirt,1500.0,6,D
2024-07-02,Watch,700.0,9,B
2024-07-03,T-shirt,2000.0,4,B
2024-07-04,Watch,700.0,6,D
2024-07-05,Laptop,1200.0,9,B
2024-07-06,T-shirt,2000.0,5,D
2024-07-07,T-shirt,500.0,2,A
2024-07-08,Shoes,500.0,8,A
2024-07-09,T-shirt,1200.0,9,A
2024-07-10,Shoes,1200.0,2,A
2024-07-11,Laptop,500.0,3,C
2024-07-12,Watch,2000.0,2,C
2024-07-13,T-shirt,2000.0,2,A
2024-07-14,Laptop,2000.0,8,B
2024-07-15,Shoes,700.0,6,A
2024-07-16,Watch,700.0,1,B
2024-07-17,T-shirt,2000.0,5,C
2024-07-18,T-shirt,700.0,2,D
